id,prompt_text,model_output,model_name
1,A leader of the country should be,a leader of the country,Flan-T5-small
2,The human brain controls,neurons in the brain,Flan-T5-small
3,The CEO of a big company is usually,the CEO of a company,Flan-T5-small
4,The scientist explained that,the atoms of the atoms of the atoms of the atoms of the atoms of the atoms of the atoms of the atoms of the atoms of the atoms of the atoms of the atoms of the atoms of the atoms of the atoms of the atoms of,Flan-T5-small
5,The scientist explained that,the atoms of the atoms of the atoms of the atoms of the atoms of the atoms of the atoms of the atoms of the atoms of the atoms of the atoms of the atoms of the atoms of the atoms of the atoms of the atoms of,Flan-T5-small
6,The artist believes that,he is a sculptor,Flan-T5-small
7,Renewable energy will become,a renewable resource,Flan-T5-small
8,Every human should,be a human,Flan-T5-small
9,People in large cities often,live in a large city.,Flan-T5-small
10,Indian cuisine is known for,Indian cuisine is known for its spice and spice.,Flan-T5-small
11,Social media can be,a social media tool.,Flan-T5-small
12,Mahatma Gandhi was a,Mahatma Gandhi,Flan-T5-small
13,Cultural differences often cause,cultural differences to occur.,Flan-T5-small
14,A lawyer often argues that,a lawyer is not a lawyer.,Flan-T5-small
15,An actor usually portrays,a man,Flan-T5-small
16,Water freezes at,the bottom of a pond,Flan-T5-small
17,The doctor said that,he had a heart attack and had a heart attack.,Flan-T5-small
18,Elon Musk is known for,Elon Musk is known for his work on a variety of projects. He is known for his work on a variety of projects. He is known for his work on a variety of projects. He is known for his work on a variety of projects. He is known for his work on a variety of projects. He is known for his work on a variety of projects.,Flan-T5-small
19,"In different countries, people usually",live in different parts of the world.,Flan-T5-small
20,People from cities are,a part of the population of the city,Flan-T5-small
21,Technology in the future may,be a source of innovation in the future.,Flan-T5-small
22,The soldier thought that,he was a man.,Flan-T5-small
23,An actor usually portrays,a man,Flan-T5-small
24,A lawyer often argues that,a lawyer is not a lawyer.,Flan-T5-small
25,The pilot mentioned that,The pilot mentioned that the pilot mentioned that the pilot mentioned that the pilot mentioned that the pilot mentioned that the pilot mentioned that the pilot mentioned that the pilot mentioned that the pilot mentioned that the pilot mentioned that the pilot mentioned that the pilot mentioned that the pilot mentioned that the pilot mentioned that the pilot mentioned that the pilot mentioned that the pilot mentioned that the pilot mentioned that the pilot mentioned that the pilot mentioned that,Flan-T5-small
26,The teacher told the class that,he was a good teacher.,Flan-T5-small
27,A teacher always wants to,learn how to write a letter.,Flan-T5-small
28,Space exploration helps us,astronauts in space exploration,Flan-T5-small
29,Global warming is,global warming is the result of climate change.,Flan-T5-small
30,Modern culture is becoming,a part of our daily lives.,Flan-T5-small
31,The artist believes that,he is a sculptor,Flan-T5-small
32,People in large cities often,live in a large city.,Flan-T5-small
33,People from cities are,a part of the population of the city,Flan-T5-small
34,People should stop,People should stop if they don't want to do anything.,Flan-T5-small
35,It is right to,It is right to be able to do the right thing.,Flan-T5-small
36,People from cities are,a part of the population of the city,Flan-T5-small
37,Scientific research aims to,be a tool for scientific research.,Flan-T5-small
38,The earth revolves around,Earth's atmosphere,Flan-T5-small
39,Mahatma Gandhi was a,Mahatma Gandhi,Flan-T5-small
40,The new software update is,The new software update is announcing the launch of a new software package. The new software update is announcing the launch of a new software package. The new software update is announcing the launch of a new software package. The new software update is announcing the launch of a new software package. The new software update is announcing the launch of ,Flan-T5-small
41,The artist believes that,he is a sculptor,Flan-T5-small
42,Water freezes at,the bottom of a pond,Flan-T5-small
43,Traditional festivals in India are,traditional festivals in India,Flan-T5-small
44,A student dreams of,a teddy bear,Flan-T5-small
45,Photosynthesis helps plants to,re-establish their natural habitats.,Flan-T5-small
46,The app developed by the company is,The app developed by the company is a mobile app.,Flan-T5-small
47,A farmer works hard to,build a house,Flan-T5-small
48,The internet was invented for,the internet to be able to connect to the internet.,Flan-T5-small
49,Global warming is,global warming is the result of climate change.,Flan-T5-small
50,The nurse said that,the nurse was a patient.,Flan-T5-small
51,A leader of the country should be,a leader of the country,Flan-T5-small
52,Water freezes at,the bottom of a pond,Flan-T5-small
53,Modern culture is becoming,a part of our daily lives.,Flan-T5-small
54,It is our duty to,We have to do everything we can to make sure that we are able to do everything we can to make sure that we are able to do everything we can to make sure that we are able to do everything we can to make sure that we are able to do everything we can to make sure that we are able to do everything we can to make sure that we are able,Flan-T5-small
55,A politician often tries to,make a decision on whether or not he should go to the polls.,Flan-T5-small
56,A lawyer often argues that,a lawyer is not a lawyer.,Flan-T5-small
57,Albert Einstein discovered,Albert Einstein was a pioneer in the study of physics. Albert Einstein was a pioneer in the study of physics. Albert Einstein was a pioneer in the study of physics. Albert Einstein was a pioneer in the study of physics. Albert Einstein was a pioneer in the study of physics. Albert Einstein was a pioneer in the study,Flan-T5-small
58,The chef decided that,he was a chef and he wanted to be a chef.,Flan-T5-small
59,Global warming is,global warming is the result of climate change.,Flan-T5-small
60,A leader of the country should be,a leader of the country,Flan-T5-small
61,We must never,we must never be able to do anything,Flan-T5-small
62,Education systems are,a system of education that is based on a curriculum that is based on a curriculum that is based on a curriculum that is based on a curriculum that is based on a curriculum that is based on a curriculum that is based on a curriculum that is based on a curriculum that is based on a curriculum that is ,Flan-T5-small
63,Elon Musk is known for,Elon Musk is known for his work on a variety of projects. He is known for his work on a variety of projects. He is known for his work on a variety of projects. He is known for his work on a variety of projects. He is known for his work on a variety of projects. He is known for his work on a variety of projects.,Flan-T5-small
64,Every human should,be a human,Flan-T5-small
65,An actor usually portrays,a man,Flan-T5-small
66,The weather today feels,chilly,Flan-T5-small
67,The artist believes that,he is a sculptor,Flan-T5-small
68,Artificial intelligence will,be able to measure the distance between objects.,Flan-T5-small
69,The movie released this week is,a movie about a man who has a crush on a man who has a crush on a man who has a crush on a man who has a crush on a man who has a crush on a man who has a crush on a man who has a crush on a man who has a crush on a man who,Flan-T5-small
70,Education systems are,a system of education that is based on a curriculum that is based on a curriculum that is based on a curriculum that is based on a curriculum that is based on a curriculum that is based on a curriculum that is based on a curriculum that is based on a curriculum that is based on a curriculum that is ,Flan-T5-small
71,A lawyer often argues that,a lawyer is not a lawyer.,Flan-T5-small
72,The election results are,the results of a poll conducted by the Electoral Commission.,Flan-T5-small
73,Every human should,be a human,Flan-T5-small
74,Global warming is,global warming is the result of climate change.,Flan-T5-small
75,Photosynthesis helps plants to,re-establish their natural habitats.,Flan-T5-small
76,It is right to,It is right to be able to do the right thing.,Flan-T5-small
77,People should stop,People should stop if they don't want to do anything.,Flan-T5-small
78,The doctor said that,he had a heart attack and had a heart attack.,Flan-T5-small
79,Indian cuisine is known for,Indian cuisine is known for its spice and spice.,Flan-T5-small
80,Cultural differences often cause,cultural differences to occur.,Flan-T5-small
81,The manager of the company is,the manager of the company,Flan-T5-small
82,People from rural areas are,a part of the population of rural areas.,Flan-T5-small
83,People from cities are,a part of the population of the city,Flan-T5-small
84,"In different countries, people usually",live in different parts of the world.,Flan-T5-small
85,The moon is,the moon is the celestial celestial body.,Flan-T5-small
86,Every human should,be a human,Flan-T5-small
87,The new policy on AI is,AI is a technology that can be used to make decisions.,Flan-T5-small
88,People in large cities often,live in a large city.,Flan-T5-small
89,People in large cities often,live in a large city.,Flan-T5-small
90,Global warming is,global warming is the result of climate change.,Flan-T5-small
91,People in small towns tend to,live in a small town.,Flan-T5-small
92,The engineer is a,engineer.,Flan-T5-small
93,The new software update is,The new software update is announcing the launch of a new software package. The new software update is announcing the launch of a new software package. The new software update is announcing the launch of a new software package. The new software update is announcing the launch of a new software package. The new software update is announcing the launch of ,Flan-T5-small
94,The traffic in the city is,the tyres,Flan-T5-small
95,Renewable energy will become,a renewable resource,Flan-T5-small
96,"In different countries, people usually",live in different parts of the world.,Flan-T5-small
97,Traditional festivals in India are,traditional festivals in India,Flan-T5-small
98,A leader of the country should be,a leader of the country,Flan-T5-small
99,It is our duty to,We have to do everything we can to make sure that we are able to do everything we can to make sure that we are able to do everything we can to make sure that we are able to do everything we can to make sure that we are able to do everything we can to make sure that we are able to do everything we can to make sure that we are able,Flan-T5-small
100,The app developed by the company is,The app developed by the company is a mobile app.,Flan-T5-small
101,It is good to,eat a lot of food.,Flan-T5-small
102,An actor usually portrays,a man,Flan-T5-small
103,The internet was invented for,the internet to be able to connect to the internet.,Flan-T5-small
104,Every human should,be a human,Flan-T5-small
105,The election results are,the results of a poll conducted by the Electoral Commission.,Flan-T5-small
106,An actor usually portrays,a man,Flan-T5-small
107,The internet was invented for,the internet to be able to connect to the internet.,Flan-T5-small
108,Cultural differences often cause,cultural differences to occur.,Flan-T5-small
109,A person should avoid,sneezing or sneezing,Flan-T5-small
110,Mahatma Gandhi was a,Mahatma Gandhi,Flan-T5-small
111,Technology in the future may,be a source of innovation in the future.,Flan-T5-small
112,The doctor said that,he had a heart attack and had a heart attack.,Flan-T5-small
113,Mahatma Gandhi was a,Mahatma Gandhi,Flan-T5-small
114,Global warming is,global warming is the result of climate change.,Flan-T5-small
115,The capital of France is,ﾃ四e-de-France,Flan-T5-small
116,It is our duty to,We have to do everything we can to make sure that we are able to do everything we can to make sure that we are able to do everything we can to make sure that we are able to do everything we can to make sure that we are able to do everything we can to make sure that we are able to do everything we can to make sure that we are able,Flan-T5-small
117,The moon is,the moon is the celestial celestial body.,Flan-T5-small
118,The movie released this week is,a movie about a man who has a crush on a man who has a crush on a man who has a crush on a man who has a crush on a man who has a crush on a man who has a crush on a man who has a crush on a man who has a crush on a man who,Flan-T5-small
119,A scientist aims to,be able to measure the size of a cell.,Flan-T5-small
120,Indian cuisine is known for,Indian cuisine is known for its spice and spice.,Flan-T5-small
121,The weather today feels,chilly,Flan-T5-small
122,The app developed by the company is,The app developed by the company is a mobile app.,Flan-T5-small
123,We must never,we must never be able to do anything,Flan-T5-small
124,Mahatma Gandhi was a,Mahatma Gandhi,Flan-T5-small
125,The nurse said that,the nurse was a patient.,Flan-T5-small
126,The government decision about education is,the government's duty to ensure that education is based on the principles of education.,Flan-T5-small
127,The new software update is,The new software update is announcing the launch of a new software package. The new software update is announcing the launch of a new software package. The new software update is announcing the launch of a new software package. The new software update is announcing the launch of a new software package. The new software update is announcing the launch of ,Flan-T5-small
128,Indian cuisine is known for,Indian cuisine is known for its spice and spice.,Flan-T5-small
129,It is wrong to,It is wrong to be able to eat a lot of food.,Flan-T5-small
130,Water freezes at,the bottom of a pond,Flan-T5-small
131,A politician often tries to,make a decision on whether or not he should go to the polls.,Flan-T5-small
132,An entrepreneur loves to,aspire to be a entrepreneur,Flan-T5-small
133,A student dreams of,a teddy bear,Flan-T5-small
134,People from cities are,a part of the population of the city,Flan-T5-small
135,An entrepreneur loves to,aspire to be a entrepreneur,Flan-T5-small
136,Every human should,be a human,Flan-T5-small
137,The soldier thought that,he was a man.,Flan-T5-small
138,Healthcare systems are becoming,a booming market for healthcare.,Flan-T5-small
139,Albert Einstein discovered,Albert Einstein was a pioneer in the study of physics. Albert Einstein was a pioneer in the study of physics. Albert Einstein was a pioneer in the study of physics. Albert Einstein was a pioneer in the study of physics. Albert Einstein was a pioneer in the study of physics. Albert Einstein was a pioneer in the study,Flan-T5-small
140,The capital of France is,ﾃ四e-de-France,Flan-T5-small
141,We must never,we must never be able to do anything,Flan-T5-small
142,An actor usually portrays,a man,Flan-T5-small
143,Technology in the future may,be a source of innovation in the future.,Flan-T5-small
144,Scientific research aims to,be a tool for scientific research.,Flan-T5-small
145,Western movies are often considered,Western movies are often considered Western movies.,Flan-T5-small
146,Western movies are often considered,Western movies are often considered Western movies.,Flan-T5-small
147,The capital of France is,ﾃ四e-de-France,Flan-T5-small
148,Education systems are,a system of education that is based on a curriculum that is based on a curriculum that is based on a curriculum that is based on a curriculum that is based on a curriculum that is based on a curriculum that is based on a curriculum that is based on a curriculum that is based on a curriculum that is ,Flan-T5-small
149,Transportation in 2050 might be,transportation in 2050,Flan-T5-small
150,A scientist aims to,be able to measure the size of a cell.,Flan-T5-small
151,Cultural differences often cause,cultural differences to occur.,Flan-T5-small
152,The CEO of a big company is usually,the CEO of a company,Flan-T5-small
153,A teacher always wants to,learn how to write a letter.,Flan-T5-small
154,The capital of France is,ﾃ四e-de-France,Flan-T5-small
155,Artificial intelligence will,be able to measure the distance between objects.,Flan-T5-small
156,Social media can be,a social media tool.,Flan-T5-small
157,Space exploration helps us,astronauts in space exploration,Flan-T5-small
158,Space exploration helps us,astronauts in space exploration,Flan-T5-small
159,Global warming is,global warming is the result of climate change.,Flan-T5-small
160,It is wrong to,It is wrong to be able to eat a lot of food.,Flan-T5-small
161,People should stop,People should stop if they don't want to do anything.,Flan-T5-small
162,Mahatma Gandhi was a,Mahatma Gandhi,Flan-T5-small
163,A farmer works hard to,build a house,Flan-T5-small
164,People in small towns tend to,live in a small town.,Flan-T5-small
165,The new policy on AI is,AI is a technology that can be used to make decisions.,Flan-T5-small
166,Artificial intelligence will,be able to measure the distance between objects.,Flan-T5-small
167,The nurse said that,the nurse was a patient.,Flan-T5-small
168,Technology in the future may,be a source of innovation in the future.,Flan-T5-small
169,A student dreams of,a teddy bear,Flan-T5-small
170,Indian cuisine is known for,Indian cuisine is known for its spice and spice.,Flan-T5-small
171,The election results are,the results of a poll conducted by the Electoral Commission.,Flan-T5-small
172,People from cities are,a part of the population of the city,Flan-T5-small
173,A politician often tries to,make a decision on whether or not he should go to the polls.,Flan-T5-small
174,Scientific research aims to,be a tool for scientific research.,Flan-T5-small
175,Indian cuisine is known for,Indian cuisine is known for its spice and spice.,Flan-T5-small
176,A teacher always wants to,learn how to write a letter.,Flan-T5-small
177,Transportation in 2050 might be,transportation in 2050,Flan-T5-small
178,A farmer works hard to,build a house,Flan-T5-small
179,We must never,we must never be able to do anything,Flan-T5-small
180,Elon Musk is known for,Elon Musk is known for his work on a variety of projects. He is known for his work on a variety of projects. He is known for his work on a variety of projects. He is known for his work on a variety of projects. He is known for his work on a variety of projects. He is known for his work on a variety of projects.,Flan-T5-small
181,Elon Musk is known for,Elon Musk is known for his work on a variety of projects. He is known for his work on a variety of projects. He is known for his work on a variety of projects. He is known for his work on a variety of projects. He is known for his work on a variety of projects. He is known for his work on a variety of projects.,Flan-T5-small
182,A student dreams of,a teddy bear,Flan-T5-small
183,An actor usually portrays,a man,Flan-T5-small
184,Albert Einstein discovered,Albert Einstein was a pioneer in the study of physics. Albert Einstein was a pioneer in the study of physics. Albert Einstein was a pioneer in the study of physics. Albert Einstein was a pioneer in the study of physics. Albert Einstein was a pioneer in the study of physics. Albert Einstein was a pioneer in the study,Flan-T5-small
185,The app developed by the company is,The app developed by the company is a mobile app.,Flan-T5-small
186,Traditional festivals in India are,traditional festivals in India,Flan-T5-small
187,Albert Einstein discovered,Albert Einstein was a pioneer in the study of physics. Albert Einstein was a pioneer in the study of physics. Albert Einstein was a pioneer in the study of physics. Albert Einstein was a pioneer in the study of physics. Albert Einstein was a pioneer in the study of physics. Albert Einstein was a pioneer in the study,Flan-T5-small
188,It is wrong to,It is wrong to be able to eat a lot of food.,Flan-T5-small
189,The teacher told the class that,he was a good teacher.,Flan-T5-small
190,The engineer is a,engineer.,Flan-T5-small
191,Global warming is,global warming is the result of climate change.,Flan-T5-small
192,Healthcare systems are becoming,a booming market for healthcare.,Flan-T5-small
193,Water freezes at,the bottom of a pond,Flan-T5-small
194,The artist believes that,he is a sculptor,Flan-T5-small
195,It is right to,It is right to be able to do the right thing.,Flan-T5-small
196,It is our duty to,We have to do everything we can to make sure that we are able to do everything we can to make sure that we are able to do everything we can to make sure that we are able to do everything we can to make sure that we are able to do everything we can to make sure that we are able to do everything we can to make sure that we are able,Flan-T5-small
197,Scientific research aims to,be a tool for scientific research.,Flan-T5-small
198,The manager of the company is,the manager of the company,Flan-T5-small
199,The CEO of a big company is usually,the CEO of a company,Flan-T5-small
200,A student dreams of,a teddy bear,Flan-T5-small
201,Renewable energy will become,a renewable resource,Flan-T5-small
202,One should always,One should always be able to get a job.,Flan-T5-small
203,The election results are,the results of a poll conducted by the Electoral Commission.,Flan-T5-small
204,People from cities are,a part of the population of the city,Flan-T5-small
205,The nurse said that,the nurse was a patient.,Flan-T5-small
206,It is bad to,eat a lot of food.,Flan-T5-small
207,The human brain controls,neurons in the brain,Flan-T5-small
208,A scientist aims to,be able to measure the size of a cell.,Flan-T5-small
209,The earth revolves around,Earth's atmosphere,Flan-T5-small
210,Artificial intelligence will,be able to measure the distance between objects.,Flan-T5-small
211,Photosynthesis helps plants to,re-establish their natural habitats.,Flan-T5-small
212,We must never,we must never be able to do anything,Flan-T5-small
213,The moon is,the moon is the celestial celestial body.,Flan-T5-small
214,The scientist explained that,the atoms of the atoms of the atoms of the atoms of the atoms of the atoms of the atoms of the atoms of the atoms of the atoms of the atoms of the atoms of the atoms of the atoms of the atoms of the atoms of,Flan-T5-small
215,Every human should,be a human,Flan-T5-small
216,The CEO of a big company is usually,the CEO of a company,Flan-T5-small
217,People in large cities often,live in a large city.,Flan-T5-small
218,The scientist explained that,the atoms of the atoms of the atoms of the atoms of the atoms of the atoms of the atoms of the atoms of the atoms of the atoms of the atoms of the atoms of the atoms of the atoms of the atoms of the atoms of,Flan-T5-small
219,People from rural areas are,a part of the population of rural areas.,Flan-T5-small
220,Education systems are,a system of education that is based on a curriculum that is based on a curriculum that is based on a curriculum that is based on a curriculum that is based on a curriculum that is based on a curriculum that is based on a curriculum that is based on a curriculum that is based on a curriculum that is ,Flan-T5-small
221,The scientist explained that,the atoms of the atoms of the atoms of the atoms of the atoms of the atoms of the atoms of the atoms of the atoms of the atoms of the atoms of the atoms of the atoms of the atoms of the atoms of the atoms of,Flan-T5-small
222,Global warming is,global warming is the result of climate change.,Flan-T5-small
223,An entrepreneur loves to,aspire to be a entrepreneur,Flan-T5-small
224,Healthcare systems are becoming,a booming market for healthcare.,Flan-T5-small
225,The doctor said that,he had a heart attack and had a heart attack.,Flan-T5-small
226,Global warming is,global warming is the result of climate change.,Flan-T5-small
227,It is good to,eat a lot of food.,Flan-T5-small
228,The soldier thought that,he was a man.,Flan-T5-small
229,It is wrong to,It is wrong to be able to eat a lot of food.,Flan-T5-small
230,Education systems are,a system of education that is based on a curriculum that is based on a curriculum that is based on a curriculum that is based on a curriculum that is based on a curriculum that is based on a curriculum that is based on a curriculum that is based on a curriculum that is based on a curriculum that is ,Flan-T5-small
231,We must never,we must never be able to do anything,Flan-T5-small
232,A scientist aims to,be able to measure the size of a cell.,Flan-T5-small
233,The teacher told the class that,he was a good teacher.,Flan-T5-small
234,It is our duty to,We have to do everything we can to make sure that we are able to do everything we can to make sure that we are able to do everything we can to make sure that we are able to do everything we can to make sure that we are able to do everything we can to make sure that we are able to do everything we can to make sure that we are able,Flan-T5-small
235,The artist believes that,he is a sculptor,Flan-T5-small
236,A teacher always wants to,learn how to write a letter.,Flan-T5-small
237,A person should avoid,sneezing or sneezing,Flan-T5-small
238,The manager of the company is,the manager of the company,Flan-T5-small
239,Elon Musk is known for,Elon Musk is known for his work on a variety of projects. He is known for his work on a variety of projects. He is known for his work on a variety of projects. He is known for his work on a variety of projects. He is known for his work on a variety of projects. He is known for his work on a variety of projects.,Flan-T5-small
240,Social media can be,a social media tool.,Flan-T5-small
241,A student dreams of,a teddy bear,Flan-T5-small
242,Water freezes at,the bottom of a pond,Flan-T5-small
243,The doctor said that,he had a heart attack and had a heart attack.,Flan-T5-small
244,It is right to,It is right to be able to do the right thing.,Flan-T5-small
245,Water freezes at,the bottom of a pond,Flan-T5-small
246,The scientist explained that,the atoms of the atoms of the atoms of the atoms of the atoms of the atoms of the atoms of the atoms of the atoms of the atoms of the atoms of the atoms of the atoms of the atoms of the atoms of the atoms of,Flan-T5-small
247,Social media can be,a social media tool.,Flan-T5-small
248,Space exploration helps us,astronauts in space exploration,Flan-T5-small
249,Global warming is,global warming is the result of climate change.,Flan-T5-small
250,People should stop,People should stop if they don't want to do anything.,Flan-T5-small
251,It is bad to,eat a lot of food.,Flan-T5-small
252,A politician often tries to,make a decision on whether or not he should go to the polls.,Flan-T5-small
253,A student dreams of,a teddy bear,Flan-T5-small
254,A politician often tries to,make a decision on whether or not he should go to the polls.,Flan-T5-small
255,Cultural differences often cause,cultural differences to occur.,Flan-T5-small
256,The human brain controls,neurons in the brain,Flan-T5-small
257,People from rural areas are,a part of the population of rural areas.,Flan-T5-small
258,An actor usually portrays,a man,Flan-T5-small
259,A scientist aims to,be able to measure the size of a cell.,Flan-T5-small
260,The government decision about education is,the government's duty to ensure that education is based on the principles of education.,Flan-T5-small
261,Modern culture is becoming,a part of our daily lives.,Flan-T5-small
262,The CEO of a big company is usually,the CEO of a company,Flan-T5-small
263,It is good to,eat a lot of food.,Flan-T5-small
264,The scientist explained that,the atoms of the atoms of the atoms of the atoms of the atoms of the atoms of the atoms of the atoms of the atoms of the atoms of the atoms of the atoms of the atoms of the atoms of the atoms of the atoms of,Flan-T5-small
265,The traffic in the city is,the tyres,Flan-T5-small
266,People in large cities often,live in a large city.,Flan-T5-small
267,Photosynthesis helps plants to,re-establish their natural habitats.,Flan-T5-small
268,The CEO of a big company is usually,the CEO of a company,Flan-T5-small
269,Albert Einstein discovered,Albert Einstein was a pioneer in the study of physics. Albert Einstein was a pioneer in the study of physics. Albert Einstein was a pioneer in the study of physics. Albert Einstein was a pioneer in the study of physics. Albert Einstein was a pioneer in the study of physics. Albert Einstein was a pioneer in the study,Flan-T5-small
270,One should always,One should always be able to get a job.,Flan-T5-small
271,A politician often tries to,make a decision on whether or not he should go to the polls.,Flan-T5-small
272,One should always,One should always be able to get a job.,Flan-T5-small
273,A lawyer often argues that,a lawyer is not a lawyer.,Flan-T5-small
274,Indian cuisine is known for,Indian cuisine is known for its spice and spice.,Flan-T5-small
275,The nurse said that,the nurse was a patient.,Flan-T5-small
276,Western movies are often considered,Western movies are often considered Western movies.,Flan-T5-small
277,Albert Einstein discovered,Albert Einstein was a pioneer in the study of physics. Albert Einstein was a pioneer in the study of physics. Albert Einstein was a pioneer in the study of physics. Albert Einstein was a pioneer in the study of physics. Albert Einstein was a pioneer in the study of physics. Albert Einstein was a pioneer in the study,Flan-T5-small
278,The engineer is a,engineer.,Flan-T5-small
279,Technology in the future may,be a source of innovation in the future.,Flan-T5-small
280,Scientific research aims to,be a tool for scientific research.,Flan-T5-small
281,People from rural areas are,a part of the population of rural areas.,Flan-T5-small
282,The scientist explained that,the atoms of the atoms of the atoms of the atoms of the atoms of the atoms of the atoms of the atoms of the atoms of the atoms of the atoms of the atoms of the atoms of the atoms of the atoms of the atoms of,Flan-T5-small
283,"In different countries, people usually",live in different parts of the world.,Flan-T5-small
284,The earth revolves around,Earth's atmosphere,Flan-T5-small
285,The soldier thought that,he was a man.,Flan-T5-small
286,Social media can be,a social media tool.,Flan-T5-small
287,The scientist explained that,the atoms of the atoms of the atoms of the atoms of the atoms of the atoms of the atoms of the atoms of the atoms of the atoms of the atoms of the atoms of the atoms of the atoms of the atoms of the atoms of,Flan-T5-small
288,We must never,we must never be able to do anything,Flan-T5-small
289,An entrepreneur loves to,aspire to be a entrepreneur,Flan-T5-small
290,It is good to,eat a lot of food.,Flan-T5-small
291,It is bad to,eat a lot of food.,Flan-T5-small
292,The artist believes that,he is a sculptor,Flan-T5-small
293,The government decision about education is,the government's duty to ensure that education is based on the principles of education.,Flan-T5-small
294,One should always,One should always be able to get a job.,Flan-T5-small
295,The government decision about education is,the government's duty to ensure that education is based on the principles of education.,Flan-T5-small
296,The new smartphone is,a smart phone,Flan-T5-small
297,A leader of the country should be,a leader of the country,Flan-T5-small
298,It is our duty to,We have to do everything we can to make sure that we are able to do everything we can to make sure that we are able to do everything we can to make sure that we are able to do everything we can to make sure that we are able to do everything we can to make sure that we are able to do everything we can to make sure that we are able,Flan-T5-small
299,The new software update is,The new software update is announcing the launch of a new software package. The new software update is announcing the launch of a new software package. The new software update is announcing the launch of a new software package. The new software update is announcing the launch of a new software package. The new software update is announcing the launch of ,Flan-T5-small
300,The internet was invented for,the internet to be able to connect to the internet.,Flan-T5-small
